unit,category,label,score,object-label,object-truth,object-activation,object-intersect,object-iou
43,object,bed,0.0270463442101,bed,5819168.0,1982085.0,205439.0,0.0270463442101
105,object,sea,0.0263654999441,sea,2272224.0,1975054.0,109105.0,0.0263654999441
341,object,sea,0.0256932754711,sea,2272224.0,1967473.0,106203.0,0.0256932754711
383,object,bed,0.0249158794031,bed,5819168.0,1970905.0,189378.0,0.0249158794031
248,object,bed,0.0235699778991,bed,5819168.0,1973998.0,179455.0,0.0235699778991
419,object,bed,0.0230860717366,bed,5819168.0,1990802.0,176233.0,0.0230860717366
90,object,mountain,0.023022595874,mountain,5469345.0,1957797.0,167144.0,0.023022595874
23,object,sea,0.0227528544466,sea,2272224.0,1981085.0,94622.0,0.0227528544466
292,object,dog,0.0221804249833,dog,3793935.0,1997173.0,125662.0,0.0221804249833
273,object,sea,0.0212763302206,sea,2272224.0,1983220.0,88654.0,0.0212763302206
303,object,mountain,0.0205244124583,mountain,5469345.0,1946562.0,149146.0,0.0205244124583
376,object,dog,0.0204622941122,dog,3793935.0,1974322.0,115665.0,0.0204622941122
3,object,sea,0.0201173471795,sea,2272224.0,1965168.0,83564.0,0.0201173471795
484,object,sea,0.0201150570346,sea,2272224.0,1951796.0,83291.0,0.0201150570346
74,object,dog,0.0201058150724,dog,3793935.0,1996510.0,114127.0,0.0201058150724
357,object,dog,0.0196257888549,dog,3793935.0,1975798.0,111056.0,0.0196257888549
130,object,sky,0.0193424965311,sky,36622673.0,1984763.0,732594.0,0.0193424965311
287,object,field,0.0192814879567,field,1883336.0,1947027.0,72458.0,0.0192814879567
163,object,dog,0.0192584524649,dog,3793935.0,1983756.0,109167.0,0.0192584524649
305,object,mountain,0.0191341583929,mountain,5469345.0,1952792.0,139350.0,0.0191341583929
290,object,mountain,0.0190809581676,mountain,5469345.0,1961668.0,139136.0,0.0190809581676
140,object,field,0.0189525001431,field,1883336.0,1978334.0,71827.0,0.0189525001431
435,object,airplane,0.0189321951654,airplane,1293178.0,1978383.0,60787.0,0.0189321951654
500,object,bed,0.0188892165336,bed,5819168.0,1965544.0,144321.0,0.0188892165336
411,object,mountain,0.0188644433509,mountain,5469345.0,1947008.0,137315.0,0.0188644433509
165,object,sea,0.0188347490848,sea,2272224.0,1957714.0,78197.0,0.0188347490848
421,object,bed,0.0187944720215,bed,5819168.0,2021894.0,144650.0,0.0187944720215
109,object,sea,0.018793807045,sea,2272224.0,1952881.0,77941.0,0.018793807045
302,object,sea,0.0187340792959,sea,2272224.0,1957783.0,77788.0,0.0187340792959
181,object,plant,0.0187122397983,plant,3236858.0,1983812.0,95896.0,0.0187122397983
454,object,bed,0.0187075415784,bed,5819168.0,1958333.0,142826.0,0.0187075415784
168,object,train,0.0186742281893,train,1646804.0,1966516.0,66239.0,0.0186742281893
122,object,tree,0.0186641001118,tree,21215421.0,1986789.0,425114.0,0.0186641001118
443,object,bed,0.0186003857571,bed,5819168.0,1971430.0,142262.0,0.0186003857571
247,object,airplane,0.0184812540543,airplane,1293178.0,1967835.0,59174.0,0.0184812540543
94,object,tree,0.0184740025226,tree,21215421.0,1978207.0,420707.0,0.0184740025226
460,object,mountain,0.0183494127109,mountain,5469345.0,1968229.0,134016.0,0.0183494127109
324,object,mountain,0.018332207764,mountain,5469345.0,1961474.0,133771.0,0.018332207764
348,object,mountain,0.0183166409464,mountain,5469345.0,1944270.0,133350.0,0.0183166409464
115,object,airplane,0.0182652647924,airplane,1293178.0,1970018.0,58534.0,0.0182652647924
169,object,dog,0.018256841306,dog,3793935.0,1999086.0,103866.0,0.018256841306
430,object,bed,0.018225679877,bed,5819168.0,1978781.0,139579.0,0.018225679877
327,object,mountain,0.018210669147,mountain,5469345.0,1984343.0,133309.0,0.018210669147
183,object,horse,0.0181150040363,horse,1230680.0,1962654.0,56818.0,0.0181150040363
286,object,bed,0.0180891795534,bed,5819168.0,1984060.0,138646.0,0.0180891795534
280,object,mountain,0.0180456570659,mountain,5469345.0,1961751.0,131722.0,0.0180456570659
263,object,field,0.0179923238883,field,1883336.0,1968693.0,68082.0,0.0179923238883
438,object,airplane,0.0179839304289,airplane,1293178.0,1987263.0,57953.0,0.0179839304289
62,object,airplane,0.0179442039163,airplane,1293178.0,1966260.0,57457.0,0.0179442039163
320,object,airplane,0.017908872565,airplane,1293178.0,1984172.0,57661.0,0.017908872565
288,object,sea,0.0178790223422,sea,2272224.0,1970423.0,74522.0,0.0178790223422
197,object,bed,0.0178368178082,bed,5819168.0,1955434.0,136244.0,0.0178368178082
9,object,plant,0.017693472512,plant,3236858.0,1956904.0,90298.0,0.017693472512
337,object,sea,0.0176824755226,sea,2272224.0,1964092.0,73607.0,0.0176824755226
167,object,sea,0.0176655262946,sea,2272224.0,1984216.0,73887.0,0.0176655262946
60,object,airplane,0.017651950632,airplane,1293178.0,1972922.0,56653.0,0.017651950632
424,object,sea,0.017625087663,sea,2272224.0,1974990.0,73561.0,0.017625087663
185,object,horse,0.0176182309811,horse,1230680.0,1979529.0,55579.0,0.0176182309811
325,object,person,0.0175817036098,person,14523849.0,1980734.0,285165.0,0.0175817036098
386,object,train,0.0175804274272,train,1646804.0,1957068.0,62263.0,0.0175804274272
456,object,building,0.0175434741711,building,35246027.0,1987529.0,641944.0,0.0175434741711
344,object,person,0.0175410167768,person,14523849.0,1965915.0,284261.0,0.0175410167768
412,object,bed,0.0175114837071,bed,5819168.0,1955681.0,133806.0,0.0175114837071
230,object,sea,0.0174458516596,sea,2272224.0,1966606.0,72682.0,0.0174458516596
219,object,airplane,0.0174257057823,airplane,1293178.0,1981428.0,56085.0,0.0174257057823
445,object,car,0.0173402889506,car,5354795.0,1969405.0,124839.0,0.0173402889506
277,object,dog,0.0172427501452,dog,3793935.0,1976227.0,97807.0,0.0172427501452
275,object,grass,0.0172378471634,grass,12961339.0,1969671.0,253017.0,0.0172378471634
312,object,horse,0.0171468594576,horse,1230680.0,1961314.0,53810.0,0.0171468594576
35,object,bed,0.0171328158367,bed,5819168.0,1994429.0,131614.0,0.0171328158367
336,object,horse,0.0171127527273,horse,1230680.0,1970897.0,53866.0,0.0171127527273
76,object,dog,0.017041264885,dog,3793935.0,1970005.0,96579.0,0.017041264885
211,object,airplane,0.0170190914764,airplane,1293178.0,1972751.0,54653.0,0.0170190914764
478,object,building,0.0170138359414,building,35246027.0,1976058.0,622696.0,0.0170138359414
482,object,dog,0.016975857768,dog,3793935.0,1976385.0,96321.0,0.016975857768
155,object,mountain,0.0169639997688,mountain,5469345.0,1954840.0,123843.0,0.0169639997688
30,object,building,0.0169633239201,building,35246027.0,1974012.0,620844.0,0.0169633239201
79,object,sea,0.0169568963549,sea,2272224.0,1959115.0,70554.0,0.0169568963549
220,object,road,0.0169319196656,road,12902631.0,1971180.0,247649.0,0.0169319196656
222,object,grass,0.0168503585011,grass,12961339.0,1951284.0,247119.0,0.0168503585011
40,object,bed,0.0167836040854,bed,5819168.0,1990634.0,128913.0,0.0167836040854
198,object,ceiling,0.0167371023396,ceiling,12114424.0,1959435.0,231678.0,0.0167371023396
178,object,dog,0.0167129774371,dog,3793935.0,1994639.0,95154.0,0.0167129774371
447,object,building,0.0167079119612,building,35246027.0,2014920.0,612322.0,0.0167079119612
78,object,sea,0.0166740340795,sea,2272224.0,1978055.0,69707.0,0.0166740340795
53,object,mountain,0.0166169203237,mountain,5469345.0,1981966.0,121794.0,0.0166169203237
170,object,bed,0.0166080741485,bed,5819168.0,1976690.0,127359.0,0.0166080741485
201,object,dog,0.0165558694595,dog,3793935.0,1981985.0,94068.0,0.0165558694595
16,object,bed,0.0165498543143,bed,5819168.0,1978053.0,126942.0,0.0165498543143
306,object,airplane,0.0165349494465,airplane,1293178.0,1995401.0,53492.0,0.0165349494465
391,object,sky,0.0165259181599,sky,36622673.0,1996092.0,627835.0,0.0165259181599
11,object,field,0.0164309499002,field,1883336.0,1971022.0,62307.0,0.0164309499002
63,object,field,0.0163258418477,field,1883336.0,1977258.0,62015.0,0.0163258418477
267,object,bed,0.0163181580007,bed,5819168.0,1966384.0,125006.0,0.0163181580007
214,object,building,0.0163096644261,building,35246027.0,1975725.0,597332.0,0.0163096644261
260,object,plant,0.0162825147718,plant,3236858.0,1944883.0,83020.0,0.0162825147718
205,object,mountain,0.016207160989,mountain,5469345.0,1964688.0,118563.0,0.016207160989
200,object,sea,0.016182023138,sea,2272224.0,1988990.0,67857.0,0.016182023138
425,object,dog,0.0161682244633,dog,3793935.0,1988804.0,92009.0,0.0161682244633
25,object,bed,0.016151746492,bed,5819168.0,2017629.0,124566.0,0.016151746492
293,object,dog,0.0161146243452,dog,3793935.0,1976583.0,91515.0,0.0161146243452
498,object,airplane,0.0160344911862,airplane,1293178.0,1970275.0,51502.0,0.0160344911862
343,object,tree,0.0160320967005,tree,21215421.0,1976297.0,365945.0,0.0160320967005
449,object,tree,0.0159563229869,tree,21215421.0,1966901.0,364095.0,0.0159563229869
96,object,person,0.015862328599,person,14523849.0,1982259.0,257737.0,0.015862328599
175,object,airplane,0.0158577521652,airplane,1293178.0,1970071.0,50940.0,0.0158577521652
349,object,bed,0.0158473833026,bed,5819168.0,1959854.0,121354.0,0.0158473833026
354,object,bed,0.0158382284754,bed,5819168.0,1986857.0,121706.0,0.0158382284754
463,object,snow,0.0157908206439,snow,995032.0,1958006.0,45906.0,0.0157908206439
505,object,mountain,0.0157244224546,mountain,5469345.0,1980694.0,115334.0,0.0157244224546
483,object,dog,0.0156373299063,dog,3793935.0,1965660.0,88678.0,0.0156373299063
402,object,building,0.0156127299113,building,35246027.0,1977835.0,572232.0,0.0156127299113
71,object,bed,0.0154933442653,bed,5819168.0,1973864.0,118898.0,0.0154933442653
502,object,train,0.0154035012057,train,1646804.0,1955477.0,54646.0,0.0154035012057
19,object,mountain,0.0153944221587,mountain,5469345.0,1977578.0,112903.0,0.0153944221587
441,object,sky,0.0153804226142,sky,36622673.0,1961251.0,584448.0,0.0153804226142
494,object,dog,0.0153102136281,dog,3793935.0,1958304.0,86740.0,0.0153102136281
481,object,mountain,0.0152776674932,mountain,5469345.0,1972155.0,111978.0,0.0152776674932
206,object,sea,0.0152571392023,sea,2272224.0,1981809.0,63929.0,0.0152571392023
57,object,bed,0.0152541585318,bed,5819168.0,2002880.0,117526.0,0.0152541585318
363,object,sky,0.0152212047651,sky,36622673.0,1961350.0,578490.0,0.0152212047651
81,object,airplane,0.0152161671931,airplane,1293178.0,1982753.0,49100.0,0.0152161671931
68,object,sidewalk,0.0151500032752,sidewalk,4000805.0,1981208.0,89275.0,0.0151500032752
467,object,building,0.0151399436069,building,35246027.0,1979575.0,555188.0,0.0151399436069
173,object,road,0.0151086523938,road,12902631.0,1980552.0,221518.0,0.0151086523938
237,object,mountain,0.0150692084565,mountain,5469345.0,1956475.0,110240.0,0.0150692084565
104,object,car,0.0150479896714,car,5354795.0,1963161.0,108488.0,0.0150479896714
228,object,train,0.015033660666,train,1646804.0,1979623.0,53711.0,0.015033660666
111,object,person,0.0150023134288,person,14523849.0,1975108.0,243864.0,0.0150023134288
420,object,bed,0.0149703129237,bed,5819168.0,2010788.0,115488.0,0.0149703129237
41,object,train,0.014964072954,train,1646804.0,1963070.0,53222.0,0.014964072954
331,object,dog,0.0149618964503,dog,3793935.0,1972163.0,85000.0,0.0149618964503
400,object,plant,0.0149146844871,plant,3236858.0,1991203.0,76829.0,0.0149146844871
314,object,mountain,0.0149145093018,mountain,5469345.0,1962537.0,109214.0,0.0149145093018
39,object,airplane,0.0148776351465,airplane,1293178.0,1961086.0,47706.0,0.0148776351465
102,object,dog,0.0148493816145,dog,3793935.0,1997850.0,84746.0,0.0148493816145
466,object,bed,0.0148477514992,bed,5819168.0,1966474.0,113908.0,0.0148477514992
297,object,train,0.0148197165111,train,1646804.0,1990867.0,53122.0,0.0148197165111
281,object,road,0.0148029980359,road,12902631.0,1995636.0,217322.0,0.0148029980359
15,object,horse,0.0147931321946,horse,1230680.0,1954986.0,46439.0,0.0147931321946
171,object,bed,0.0147912625592,bed,5819168.0,1967095.0,113490.0,0.0147912625592
224,object,person,0.0147897754621,person,14523849.0,1965260.0,240316.0,0.0147897754621
172,object,building,0.0147362464016,building,35246027.0,2003384.0,540945.0,0.0147362464016
316,object,train,0.0147356996745,train,1646804.0,1964065.0,52436.0,0.0147356996745
403,object,train,0.0147142988086,train,1646804.0,1984274.0,52654.0,0.0147142988086
398,object,windowpane,0.0147081528663,windowpane,6123214.0,1967116.0,117269.0,0.0147081528663
458,object,dog,0.0146669273838,dog,3793935.0,1955596.0,83109.0,0.0146669273838
37,object,airplane,0.0146566643128,airplane,1293178.0,1971354.0,47156.0,0.0146566643128
216,object,bed,0.0146437282271,bed,5819168.0,1966725.0,112369.0,0.0146437282271
298,object,sidewalk,0.0145678364257,sidewalk,4000805.0,1971200.0,85750.0,0.0145678364257
186,object,dog,0.0145419626116,dog,3793935.0,1980918.0,82774.0,0.0145419626116
496,object,bed,0.0145374312302,bed,5819168.0,1975587.0,111692.0,0.0145374312302
239,object,horse,0.014510244372,horse,1230680.0,1968714.0,45760.0,0.014510244372
120,object,sidewalk,0.0144876748257,sidewalk,4000805.0,1971418.0,85288.0,0.0144876748257
486,object,building,0.0144717306551,building,35246027.0,1981965.0,531068.0,0.0144717306551
270,object,bed,0.014445996483,bed,5819168.0,1990158.0,111207.0,0.014445996483
345,object,train,0.0144343249718,train,1646804.0,1968504.0,51442.0,0.0144343249718
276,object,earth,0.0143352089599,earth,4188226.0,1950553.0,86757.0,0.0143352089599
272,object,sea,0.0143350906098,sea,2272224.0,1950525.0,59678.0,0.0143350906098
249,object,dog,0.0143297597759,dog,3793935.0,1963350.0,81335.0,0.0143297597759
269,object,road,0.014320743148,road,12902631.0,2007181.0,210505.0,0.014320743148
154,object,bed,0.0142714992642,bed,5819168.0,1987770.0,109849.0,0.0142714992642
166,object,curtain,0.0142487541338,curtain,3107136.0,1965263.0,71260.0,0.0142487541338
246,object,sea,0.0142360593908,sea,2272224.0,1956188.0,59351.0,0.0142360593908
388,object,field,0.0142064445618,field,1883336.0,1956621.0,53788.0,0.0142064445618
475,object,train,0.0141723212442,train,1646804.0,1957319.0,50365.0,0.0141723212442
72,object,building,0.0141570406178,building,35246027.0,1995644.0,519872.0,0.0141570406178
69,object,person,0.0140681706095,person,14523849.0,1962488.0,228715.0,0.0140681706095
295,object,building,0.013985711443,building,35246027.0,1972497.0,513348.0,0.013985711443
151,object,airplane,0.0139707676617,airplane,1293178.0,1947939.0,44657.0,0.0139707676617
322,object,airplane,0.0139535506133,airplane,1293178.0,1964963.0,44837.0,0.0139535506133
67,object,bed,0.0139488264791,bed,5819168.0,1967233.0,107117.0,0.0139488264791
238,object,airplane,0.0139471029016,airplane,1293178.0,1966812.0,44842.0,0.0139471029016
253,object,dog,0.0139339080163,dog,3793935.0,1990853.0,79497.0,0.0139339080163
429,object,mountain,0.0139238552756,mountain,5469345.0,1967606.0,102129.0,0.0139238552756
92,object,grass,0.0139190186218,grass,12961339.0,1949202.0,204691.0,0.0139190186218
450,object,bed,0.0138978986779,bed,5819168.0,1972174.0,106799.0,0.0138978986779
387,object,train,0.0138422435131,train,1646804.0,1977827.0,49488.0,0.0138422435131
393,object,horse,0.0138226028755,horse,1230680.0,1955072.0,43435.0,0.0138226028755
261,object,horse,0.0138205069651,horse,1230680.0,1987972.0,43877.0,0.0138205069651
283,object,building,0.0137922591738,building,35246027.0,1978311.0,506423.0,0.0137922591738
10,object,plant,0.01373076518,plant,3236858.0,1970386.0,70531.0,0.01373076518
47,object,field,0.0136933838308,field,1883336.0,1981072.0,52202.0,0.0136933838308
465,object,sidewalk,0.0136675447756,sidewalk,4000805.0,1965778.0,80449.0,0.0136675447756
150,object,mountain,0.0136111274248,mountain,5469345.0,1952042.0,99657.0,0.0136111274248
12,object,person,0.0136019331993,person,14523849.0,1970625.0,221346.0,0.0136019331993
106,object,mountain,0.0135620342327,mountain,5469345.0,1945214.0,99211.0,0.0135620342327
223,object,airplane,0.0135499516836,airplane,1293178.0,1979291.0,43749.0,0.0135499516836
236,object,field,0.0135074385443,field,1883336.0,1976376.0,51440.0,0.0135074385443
323,object,road,0.013496788819,road,12902631.0,1956364.0,197878.0,0.013496788819
495,object,airplane,0.0134934897457,airplane,1293178.0,1965987.0,43392.0,0.0134934897457
113,object,table,0.0134698647171,table,4805122.0,1959688.0,89910.0,0.0134698647171
355,object,tree,0.0134663869879,tree,21215421.0,1979995.0,308208.0,0.0134663869879
512,object,car,0.0134346658672,car,5354795.0,1980663.0,97243.0,0.0134346658672
334,object,bed,0.0134207274276,bed,5819168.0,1963285.0,103063.0,0.0134207274276
459,object,sea,0.0134181458184,sea,2272224.0,1964706.0,56099.0,0.0134181458184
401,object,bed,0.013370953505,bed,5819168.0,1992175.0,103067.0,0.013370953505
480,object,sofa,0.0133675536466,sofa,4094071.0,1967916.0,79965.0,0.0133675536466
208,object,building,0.0133508238468,building,35246027.0,1961995.0,490213.0,0.0133508238468
497,object,bed,0.0133493655575,bed,5819168.0,1963725.0,102528.0,0.0133493655575
457,object,person,0.0133358564401,person,14523849.0,1964084.0,216987.0,0.0133358564401
103,object,train,0.013277638466,train,1646804.0,1972950.0,47432.0,0.013277638466
244,object,bed,0.0132708508461,bed,5819168.0,1995421.0,102348.0,0.0132708508461
310,object,bed,0.0132546398979,bed,5819168.0,1970453.0,101898.0,0.0132546398979
210,object,sidewalk,0.0132482636479,sidewalk,4000805.0,1970954.0,78081.0,0.0132482636479
20,object,sea,0.013242362757,sea,2272224.0,1969474.0,55436.0,0.013242362757
217,object,person,0.0132028376288,person,14523849.0,1976450.0,215012.0,0.0132028376288
156,object,rock,0.0131915527016,rock,1615403.0,1985420.0,46882.0,0.0131915527016
34,object,field,0.0131685362394,field,1883336.0,1952591.0,49857.0,0.0131685362394
77,object,car,0.0131498638704,car,5354795.0,1958990.0,94927.0,0.0131498638704
389,object,table,0.0131259853108,table,4805122.0,1983123.0,87948.0,0.0131259853108
364,object,field,0.0131084282466,field,1883336.0,1941974.0,49495.0,0.0131084282466
126,object,cabinet,0.013106671553,cabinet,5304483.0,1979911.0,94239.0,0.013106671553
319,object,cabinet,0.0131054980241,cabinet,5304483.0,1955663.0,93917.0,0.0131054980241
235,object,table,0.0131003802219,table,4805122.0,2011995.0,88152.0,0.0131003802219
212,object,ground,0.013091460374,ground,7897532.0,1965891.0,127458.0,0.013091460374
136,object,person,0.0130861830308,person,14523849.0,1976544.0,213138.0,0.0130861830308
436,object,bed,0.0130483015505,bed,5819168.0,1971217.0,100342.0,0.0130483015505
464,object,field,0.0130429182797,field,1883336.0,1986492.0,49824.0,0.0130429182797
245,object,water,0.0130270905284,water,5649040.0,1947094.0,97683.0,0.0130270905284
279,object,plant,0.0130239355389,plant,3236858.0,1956471.0,66768.0,0.0130239355389
184,object,bed,0.0130237951961,bed,5819168.0,1988565.0,100379.0,0.0130237951961
395,object,bed,0.0130093397483,bed,5819168.0,1960064.0,99903.0,0.0130093397483
88,object,sidewalk,0.0130075121987,sidewalk,4000805.0,1978640.0,76779.0,0.0130075121987
367,object,building,0.0130011011121,building,35246027.0,1981883.0,477792.0,0.0130011011121
432,object,airplane,0.0129418983018,airplane,1293178.0,1982277.0,41849.0,0.0129418983018
158,object,table,0.0129016363722,table,4805122.0,1966405.0,86251.0,0.0129016363722
138,object,building,0.0128900175029,building,35246027.0,1978770.0,473722.0,0.0128900175029
86,object,building,0.0128643642751,building,35246027.0,1972535.0,472712.0,0.0128643642751
452,object,bed,0.0128619365299,bed,5819168.0,1956960.0,98746.0,0.0128619365299
455,object,dog,0.0128577779358,dog,3793935.0,1961210.0,73059.0,0.0128577779358
123,object,ground,0.0128265315544,ground,7897532.0,1964049.0,124888.0,0.0128265315544
333,object,mountain,0.0127791364856,mountain,5469345.0,1978017.0,93970.0,0.0127791364856
141,object,dog,0.012729944527,dog,3793935.0,1957887.0,72300.0,0.012729944527
229,object,airplane,0.0127239434829,airplane,1293178.0,1972720.0,41033.0,0.0127239434829
278,object,mountain,0.0126763683949,mountain,5469345.0,1939690.0,92744.0,0.0126763683949
48,object,building,0.0126172598793,building,35246027.0,1968516.0,463695.0,0.0126172598793
193,object,skyscraper,0.0126168052336,skyscraper,1270392.0,1949052.0,40113.0,0.0126168052336
264,object,bed,0.0126060342631,bed,5819168.0,1980512.0,97099.0,0.0126060342631
361,object,building,0.0125837974286,building,35246027.0,1985695.0,462694.0,0.0125837974286
510,object,train,0.0125633682967,train,1646804.0,1965853.0,44824.0,0.0125633682967
233,object,building,0.0125421501053,building,35246027.0,1956096.0,460815.0,0.0125421501053
417,object,sky,0.012529474465,sky,36622673.0,1949045.0,477303.0,0.012529474465
508,object,building,0.0124681732734,building,35246027.0,1967914.0,458276.0,0.0124681732734
422,object,bed,0.0124488414689,bed,5819168.0,1964157.0,95702.0,0.0124488414689
38,object,bed,0.0124308749746,bed,5819168.0,2015909.0,96201.0,0.0124308749746
506,object,bed,0.0123739784279,bed,5819168.0,1968451.0,95186.0,0.0123739784279
503,object,dog,0.0123502227829,dog,3793935.0,1952094.0,70099.0,0.0123502227829
365,object,ceiling,0.0123209687744,ceiling,12114424.0,1966823.0,171383.0,0.0123209687744
179,object,building,0.0123201258043,building,35246027.0,1982898.0,453083.0,0.0123201258043
142,object,airplane,0.0123115722794,airplane,1293178.0,1954110.0,39493.0,0.0123115722794
413,object,car,0.0122875579212,car,5354795.0,1979858.0,89031.0,0.0122875579212
87,object,person,0.0122826736861,person,14523849.0,1966256.0,200085.0,0.0122826736861
294,object,sidewalk,0.0122710605638,sidewalk,4000805.0,1971903.0,72403.0,0.0122710605638
107,object,ground,0.0122683539378,ground,7897532.0,1966189.0,119545.0,0.0122683539378
202,object,building,0.0122433945301,building,35246027.0,1985521.0,450327.0,0.0122433945301
423,object,earth,0.0122013233187,earth,4188226.0,1950524.0,73998.0,0.0122013233187
378,object,dog,0.0122008586974,dog,3793935.0,1964087.0,69406.0,0.0122008586974
268,object,building,0.0121804261771,building,35246027.0,1947643.0,447583.0,0.0121804261771
75,object,building,0.0121800371299,building,35246027.0,1974412.0,447891.0,0.0121800371299
153,object,airplane,0.0121304220818,airplane,1293178.0,1963716.0,39034.0,0.0121304220818
485,object,sofa,0.0120966392564,sofa,4094071.0,1984965.0,72657.0,0.0120966392564
392,object,airplane,0.0120747334381,airplane,1293178.0,1971097.0,38945.0,0.0120747334381
144,object,dog,0.0120590695894,dog,3793935.0,1987332.0,68886.0,0.0120590695894
95,object,plant,0.0120360923259,plant,3236858.0,1965721.0,61874.0,0.0120360923259
1,object,cabinet,0.0119926391705,cabinet,5304483.0,1972244.0,86233.0,0.0119926391705
101,object,person,0.0119732956234,person,14523849.0,1964747.0,195087.0,0.0119732956234
73,object,mountain,0.0119731192669,mountain,5469345.0,1958817.0,87886.0,0.0119731192669
451,object,airplane,0.0119694056859,airplane,1293178.0,1964646.0,38533.0,0.0119694056859
234,object,sea,0.0119539945556,sea,2272224.0,1982319.0,50258.0,0.0119539945556
227,object,ground,0.0119225885398,ground,7897532.0,1953161.0,116062.0,0.0119225885398
44,object,person,0.0118830869799,person,14523849.0,1973565.0,193738.0,0.0118830869799
372,object,cabinet,0.0118656005061,cabinet,5304483.0,1963781.0,85231.0,0.0118656005061
446,object,bed,0.0118463263414,bed,5819168.0,1956357.0,91033.0,0.0118463263414
56,object,mountain,0.0118365101201,mountain,5469345.0,1956596.0,86869.0,0.0118365101201
182,object,building,0.0118321464055,building,35246027.0,1994699.0,435485.0,0.0118321464055
440,object,person,0.0117641397944,person,14523849.0,1982314.0,191923.0,0.0117641397944
174,object,person,0.0117477270545,person,14523849.0,1974533.0,191568.0,0.0117477270545
129,object,bed,0.0117238461977,bed,5819168.0,1970621.0,90268.0,0.0117238461977
118,object,ceiling,0.0117205395647,ceiling,12114424.0,1952937.0,162967.0,0.0117205395647
14,object,sea,0.0116969965282,sea,2272224.0,1939419.0,48694.0,0.0116969965282
308,object,field,0.0116893149883,field,1883336.0,1965463.0,44470.0,0.0116893149883
265,object,building,0.0116866049953,building,35246027.0,1979533.0,430015.0,0.0116866049953
487,object,mountain,0.0116754042699,mountain,5469345.0,1973642.0,85897.0,0.0116754042699
250,object,road,0.0116729104362,road,12902631.0,1958146.0,171467.0,0.0116729104362
330,object,airplane,0.0116023743872,airplane,1293178.0,1949216.0,37188.0,0.0116023743872
119,object,skyscraper,0.0115631914258,skyscraper,1270392.0,1960118.0,36928.0,0.0115631914258
448,object,road,0.0115540450682,road,12902631.0,1975140.0,169935.0,0.0115540450682
65,object,car,0.011534501113,car,5354795.0,1960753.0,83419.0,0.011534501113
492,object,bed,0.01149240947,bed,5819168.0,1969979.0,88499.0,0.01149240947
368,object,building,0.0114890761174,building,35246027.0,1979236.0,422826.0,0.0114890761174
390,object,building,0.0114880589586,building,35246027.0,1962772.0,422602.0,0.0114880589586
31,object,windowpane,0.0114873610975,windowpane,6123214.0,1989475.0,92135.0,0.0114873610975
352,object,field,0.0114852455131,field,1883336.0,1965686.0,43705.0,0.0114852455131
58,object,mountain,0.0114758080936,mountain,5469345.0,1937574.0,84036.0,0.0114758080936
161,object,person,0.0114718336638,person,14523849.0,1962270.0,186981.0,0.0114718336638
145,object,bed,0.0114596450134,bed,5819168.0,1946629.0,87985.0,0.0114596450134
46,object,house,0.0114504678907,house,1833277.0,1972978.0,43090.0,0.0114504678907
112,object,field,0.0114012738015,field,1883336.0,1957253.0,43294.0,0.0114012738015
382,object,mountain,0.0113966965935,mountain,5469345.0,1969859.0,83827.0,0.0113966965935
472,object,ground,0.0113827949289,ground,7897532.0,1994615.0,111333.0,0.0113827949289
32,object,airplane,0.0113499182565,airplane,1293178.0,1960719.0,36517.0,0.0113499182565
36,object,ground,0.0113443331972,ground,7897532.0,1973127.0,110720.0,0.0113443331972
55,object,person,0.0113259722361,person,14523849.0,1973145.0,184752.0,0.0113259722361
384,object,car,0.0113229071824,car,5354795.0,1960587.0,81904.0,0.0113229071824
397,object,car,0.01132231628,car,5354795.0,1952479.0,81809.0,0.01132231628
139,object,curtain,0.0113205879243,curtain,3107136.0,1972342.0,56859.0,0.0113205879243
462,object,dog,0.0113179470731,dog,3793935.0,1957058.0,64361.0,0.0113179470731
442,object,train,0.0113008768009,train,1646804.0,1959412.0,40298.0,0.0113008768009
414,object,airplane,0.0112542643401,airplane,1293178.0,1971082.0,36328.0,0.0112542643401
396,object,person,0.0112376259673,person,14523849.0,1959387.0,183174.0,0.0112376259673
347,object,sea,0.0112310211337,sea,2272224.0,1955832.0,46958.0,0.0112310211337
296,object,car,0.0111535413711,car,5354795.0,1975871.0,80861.0,0.0111535413711
335,object,plant,0.0111409046415,plant,3236858.0,1962108.0,57283.0,0.0111409046415
22,object,building,0.0111297552848,building,35246027.0,1951193.0,409439.0,0.0111297552848
274,object,person,0.0111062863087,person,14523849.0,1961875.0,181084.0,0.0111062863087
209,object,bed,0.0110748651969,bed,5819168.0,1980856.0,85438.0,0.0110748651969
196,object,fence,0.0110664770227,fence,2232883.0,1958303.0,45874.0,0.0110664770227
241,object,water,0.011048261187,water,5649040.0,1970339.0,83261.0,0.011048261187
7,object,bed,0.0110279426787,bed,5819168.0,1961057.0,84864.0,0.0110279426787
17,object,airplane,0.0110017288342,airplane,1293178.0,1958244.0,35382.0,0.0110017288342
143,object,building,0.0109078395519,building,35246027.0,1964974.0,401512.0,0.0109078395519
132,object,person,0.010901882262,person,14523849.0,1951934.0,177680.0,0.010901882262
328,object,building,0.0109016880431,building,35246027.0,1945222.0,401075.0,0.0109016880431
326,object,bed,0.0109006227506,bed,5819168.0,2007167.0,84392.0,0.0109006227506
317,object,train,0.0108990866785,train,1646804.0,1972889.0,39026.0,0.0108990866785
70,object,person,0.0108930024684,person,14523849.0,1976913.0,177806.0,0.0108930024684
428,object,sea,0.010887067536,sea,2272224.0,1979845.0,45794.0,0.010887067536
24,object,cabinet,0.0108686135708,cabinet,5304483.0,1969491.0,78208.0,0.0108686135708
191,object,plant,0.0108470491411,plant,3236858.0,1975779.0,55935.0,0.0108470491411
318,object,train,0.0108279905131,train,1646804.0,1943935.0,38464.0,0.0108279905131
409,object,dog,0.0108252094752,dog,3793935.0,1990768.0,61950.0,0.0108252094752
285,object,bed,0.0108068680038,bed,5819168.0,1941140.0,82968.0,0.0108068680038
64,object,road,0.0107922469827,road,12902631.0,1949737.0,158579.0,0.0107922469827
50,object,table,0.0107868827435,table,4805122.0,1949148.0,72080.0,0.0107868827435
59,object,door,0.0107842248221,door,3042769.0,1962027.0,53397.0,0.0107842248221
433,object,train,0.0107826199416,train,1646804.0,1948383.0,38352.0,0.0107826199416
461,object,ground,0.0107722690963,ground,7897532.0,1968042.0,105142.0,0.0107722690963
469,object,train,0.0107151600439,train,1646804.0,1961532.0,38254.0,0.0107151600439
52,object,person,0.0107014302851,person,14523849.0,1958677.0,174519.0,0.0107014302851
339,object,person,0.010686076205,person,14523849.0,1969246.0,174383.0,0.010686076205
379,object,airplane,0.0106724449018,airplane,1293178.0,1968548.0,34443.0,0.0106724449018
299,object,curtain,0.0106668090161,curtain,3107136.0,1947994.0,53353.0,0.0106668090161
431,object,cat,0.0106410905183,cat,4163987.0,1961257.0,64493.0,0.0106410905183
259,object,plant,0.0106360711655,plant,3236858.0,1977822.0,54880.0,0.0106360711655
501,object,train,0.0106322808162,train,1646804.0,1973297.0,38085.0,0.0106322808162
504,object,cabinet,0.0106249833828,cabinet,5304483.0,1955668.0,76328.0,0.0106249833828
225,object,building,0.0106167486777,building,35246027.0,1958153.0,390838.0,0.0106167486777
342,object,train,0.0106072075754,train,1646804.0,1973761.0,38001.0,0.0106072075754
374,object,wall,0.0106056505266,wall,48887866.0,1998558.0,534020.0,0.0106056505266
218,object,train,0.010602533469,train,1646804.0,1967715.0,37921.0,0.010602533469
66,object,building,0.0106000373433,building,35246027.0,1970237.0,390356.0,0.0106000373433
476,object,building,0.0105688730087,building,35246027.0,1967144.0,389188.0,0.0105688730087
125,object,table,0.0105248579499,table,4805122.0,1987905.0,70751.0,0.0105248579499
360,object,mountain,0.0105211060167,mountain,5469345.0,1958549.0,77336.0,0.0105211060167
471,object,person,0.0104979780868,person,14523849.0,1952173.0,171168.0,0.0104979780868
301,object,road,0.0104935287539,road,12902631.0,1967814.0,154423.0,0.0104935287539
134,object,sea,0.0104846705308,sea,2272224.0,1967608.0,43992.0,0.0104846705308
490,object,road,0.0104769349994,road,12902631.0,1987939.0,154390.0,0.0104769349994
381,object,cabinet,0.0103961957462,cabinet,5304483.0,1957773.0,74723.0,0.0103961957462
407,object,field,0.0103946790203,field,1883336.0,1951811.0,39455.0,0.0103946790203
257,object,bed,0.0103916211565,bed,5819168.0,1962259.0,80030.0,0.0103916211565
199,object,train,0.0103794342347,train,1646804.0,1959318.0,37045.0,0.0103794342347
226,object,cabinet,0.0103501668252,cabinet,5304483.0,1994618.0,74773.0,0.0103501668252
80,object,person,0.0103475631052,person,14523849.0,1976913.0,168994.0,0.0103475631052
164,object,train,0.0103282209339,train,1646804.0,1990515.0,37183.0,0.0103282209339
410,object,dog,0.0103207514766,dog,3793935.0,1965355.0,58833.0,0.0103207514766
416,object,field,0.0103068346889,field,1883336.0,1969752.0,39308.0,0.0103068346889
83,object,train,0.0103021161922,train,1646804.0,1958253.0,36761.0,0.0103021161922
491,object,floor,0.0102928858213,floor,20366901.0,1959514.0,227462.0,0.0102928858213
434,object,case,0.0102883597078,case,608750.0,1980318.0,26366.0,0.0102883597078
190,object,ceiling,0.0102882926199,ceiling,12114424.0,1993073.0,143664.0,0.0102882926199
346,object,case,0.0102349128713,case,608750.0,1982152.0,26249.0,0.0102349128713
405,object,building,0.0101970868328,building,35246027.0,1966000.0,375624.0,0.0101970868328
399,object,building,0.0101855337719,building,35246027.0,1957697.0,375119.0,0.0101855337719
511,object,fence,0.0101679224864,fence,2232883.0,1970453.0,42309.0,0.0101679224864
358,object,ceiling,0.0101629264412,ceiling,12114424.0,1981541.0,141815.0,0.0101629264412
311,object,curtain,0.0101330894777,curtain,3107136.0,1954251.0,50773.0,0.0101330894777
304,object,airplane,0.0101180543352,airplane,1293178.0,1954397.0,32530.0,0.0101180543352
117,object,tree,0.0101044223019,tree,21215421.0,1958429.0,231816.0,0.0101044223019
204,object,stairway,0.0101041204217,stairway,488990.0,1961463.0,24512.0,0.0101041204217
128,object,dog,0.0100451518645,dog,3793935.0,1953130.0,57156.0,0.0100451518645
437,object,chair,0.0100450365868,chair,4632321.0,1978548.0,65746.0,0.0100450365868
5,object,windowpane,0.010044167497,windowpane,6123214.0,1975206.0,80533.0,0.010044167497
162,object,building,0.010043616679,building,35246027.0,1973047.0,370097.0,0.010043616679
28,object,mountain,0.0100342402871,mountain,5469345.0,1962191.0,73829.0,0.0100342402871
51,object,dog,0.00998313609613,dog,3793935.0,1957923.0,56854.0,0.00998313609613
152,object,airplane,0.00996154121912,airplane,1293178.0,1960808.0,32095.0,0.00996154121912
493,object,sea,0.00995654732355,sea,2272224.0,1943068.0,41556.0,0.00995654732355
282,object,case,0.00995606298152,case,608750.0,1954469.0,25268.0,0.00995606298152
159,object,tree,0.00994929916366,tree,21215421.0,1987134.0,228575.0,0.00994929916366
110,object,train,0.00991264677718,train,1646804.0,1961116.0,35413.0,0.00991264677718
42,object,case,0.00990710515363,case,608750.0,1958448.0,25184.0,0.00990710515363
262,object,person,0.00990122645053,person,14523849.0,1975383.0,161761.0,0.00990122645053
100,object,person,0.0098892269293,person,14523849.0,1982646.0,161638.0,0.0098892269293
127,object,painting,0.00987252489066,painting,2207098.0,1953597.0,40675.0,0.00987252489066
157,object,table,0.00985476179348,table,4805122.0,1957943.0,65998.0,0.00985476179348
309,object,building,0.00983236087415,building,35246027.0,1963574.0,362296.0,0.00983236087415
49,object,cabinet,0.00981935403802,cabinet,5304483.0,1969677.0,70733.0,0.00981935403802
61,object,curtain,0.00978917947088,curtain,3107136.0,1952239.0,49047.0,0.00978917947088
131,object,car,0.00978226025338,car,5354795.0,1959480.0,70857.0,0.00978226025338
84,object,train,0.00978124802269,train,1646804.0,1975866.0,35091.0,0.00978124802269
29,object,wall,0.00977978660804,wall,48887866.0,1978371.0,492643.0,0.00977978660804
489,object,train,0.0097796807166,train,1646804.0,1969110.0,35020.0,0.0097796807166
408,object,door,0.0097719141549,door,3042769.0,1971208.0,48522.0,0.0097719141549
26,object,cabinet,0.00975561202091,cabinet,5304483.0,1959091.0,70176.0,0.00975561202091
148,object,building,0.009751711883,building,35246027.0,1970615.0,359421.0,0.009751711883
213,object,mountain,0.00970745585918,mountain,5469345.0,1963155.0,71457.0,0.00970745585918
91,object,train,0.0097036326205,train,1646804.0,1972721.0,34785.0,0.0097036326205
243,object,windowpane,0.00967750198074,windowpane,6123214.0,1997085.0,77831.0,0.00967750198074
444,object,chair,0.00967511138822,chair,4632321.0,1976357.0,63327.0,0.00967511138822
231,object,field,0.00967265171137,field,1883336.0,1980552.0,37016.0,0.00967265171137
251,object,sofa,0.00965242108779,sofa,4094071.0,1958140.0,57860.0,0.00965242108779
271,object,snow,0.00964665222095,snow,995032.0,1945577.0,28096.0,0.00964665222095
135,object,building,0.00962301543679,building,35246027.0,1950490.0,354531.0,0.00962301543679
477,object,table,0.00955891503382,table,4805122.0,1960641.0,64061.0,0.00955891503382
366,object,person,0.00954834436171,person,14523849.0,1991208.0,156200.0,0.00954834436171
194,object,fence,0.00952596742313,fence,2232883.0,1959748.0,39562.0,0.00952596742313
380,object,ground,0.00952229866637,ground,7897532.0,1946963.0,92858.0,0.00952229866637
499,object,floor,0.00951943206149,floor,20366901.0,1985426.0,210775.0,0.00951943206149
473,object,person,0.00950876414466,person,14523849.0,1969379.0,155353.0,0.00950876414466
8,object,field,0.00950769254221,field,1883336.0,1957759.0,36176.0,0.00950769254221
385,object,bed,0.00948811990672,bed,5819168.0,1950643.0,73028.0,0.00948811990672
468,object,dog,0.00942556750836,dog,3793935.0,1952858.0,53661.0,0.00942556750836
426,object,windowpane,0.00942072769737,windowpane,6123214.0,1965886.0,75494.0,0.00942072769737
266,object,earth,0.00941664214544,earth,4188226.0,1962514.0,57379.0,0.00941664214544
289,object,table,0.00941397670891,table,4805122.0,1969034.0,63177.0,0.00941397670891
356,object,person,0.00938563665227,person,14523849.0,1939582.0,153083.0,0.00938563665227
133,object,sea,0.0093813611189,sea,2272224.0,1948164.0,39225.0,0.0093813611189
313,object,field,0.00934016995888,field,1883336.0,1970782.0,35665.0,0.00934016995888
258,object,building,0.00933789851249,building,35246027.0,1973091.0,344333.0,0.00933789851249
180,object,train,0.00931664746426,train,1646804.0,1954568.0,33243.0,0.00931664746426
116,object,earth,0.00929375239979,earth,4188226.0,1952188.0,56542.0,0.00929375239979
255,object,ground,0.00928611061138,ground,7897532.0,1965117.0,90743.0,0.00928611061138
256,object,building,0.00928424536844,building,35246027.0,1964530.0,342294.0,0.00928424536844
242,object,field,0.00924492312829,field,1883336.0,1961215.0,35217.0,0.00924492312829
149,object,case,0.00923788075022,case,608750.0,1951850.0,23438.0,0.00923788075022
99,object,airplane,0.00922740068815,airplane,1293178.0,1978493.0,29913.0,0.00922740068815
232,object,bed,0.00921316296773,bed,5819168.0,1950420.0,70929.0,0.00921316296773
93,object,sky,0.00917652368968,sky,36622673.0,1972497.0,350949.0,0.00917652368968
415,object,curtain,0.00912797396761,curtain,3107136.0,1951453.0,45757.0,0.00912797396761
332,object,building,0.00912112538704,building,35246027.0,1960502.0,336298.0,0.00912112538704
375,object,case,0.00907753600254,case,608750.0,1945087.0,22974.0,0.00907753600254
307,object,building,0.00905202300385,building,35246027.0,1972983.0,333885.0,0.00905202300385
509,object,train,0.00902783601282,train,1646804.0,1987014.0,32512.0,0.00902783601282
370,object,fence,0.00902177228617,fence,2232883.0,1945011.0,37355.0,0.00902177228617
207,object,sidewalk,0.00895043919569,sidewalk,4000805.0,1967154.0,52942.0,0.00895043919569
108,object,person,0.0089483202575,person,14523849.0,1994326.0,146499.0,0.0089483202575
291,object,horse,0.0088996847838,horse,1230680.0,1972860.0,28259.0,0.0088996847838
284,object,building,0.00886528286156,building,35246027.0,1991351.0,327219.0,0.00886528286156
427,object,case,0.00883675322657,case,608750.0,1980826.0,22683.0,0.00883675322657
362,object,airplane,0.00883280776578,airplane,1293178.0,1974150.0,28607.0,0.00883280776578
4,object,chair,0.00882138137727,chair,4632321.0,1975911.0,57784.0,0.00882138137727
404,object,sea,0.00881557809665,sea,2272224.0,1943353.0,36838.0,0.00881557809665
2,object,building,0.00879537909881,building,35246027.0,1979384.0,324557.0,0.00879537909881
394,object,windowpane,0.00877864435717,windowpane,6123214.0,1952743.0,70279.0,0.00877864435717
240,object,building,0.00876716475028,building,35246027.0,1948212.0,323254.0,0.00876716475028
203,object,sofa,0.00870192495916,sofa,4094071.0,1960627.0,52233.0,0.00870192495916
470,object,dog,0.00869197502755,dog,3793935.0,1947572.0,49475.0,0.00869197502755
146,object,sofa,0.00868533349761,sofa,4094071.0,1947937.0,52025.0,0.00868533349761
176,object,person,0.00865920771045,person,14523849.0,1965394.0,141558.0,0.00865920771045
33,object,truck,0.00865800294596,truck,316060.0,1977244.0,19685.0,0.00865800294596
252,object,field,0.00864718286278,field,1883336.0,1975384.0,33081.0,0.00864718286278
189,object,train,0.00863745483372,train,1646804.0,1946358.0,30770.0,0.00863745483372
114,object,train,0.00863373275175,train,1646804.0,1974413.0,30997.0,0.00863373275175
300,object,chair,0.00861319568854,chair,4632321.0,1964911.0,56338.0,0.00861319568854
315,object,airplane,0.0085914796938,airplane,1293178.0,1951955.0,27643.0,0.0085914796938
373,object,mountain,0.00859070174066,mountain,5469345.0,1943015.0,63135.0,0.00859070174066
137,object,airplane,0.00852714539841,airplane,1293178.0,1979778.0,27673.0,0.00852714539841
377,object,bed,0.00850946526721,bed,5819168.0,1955139.0,65597.0,0.00850946526721
474,object,wall,0.00849492433758,wall,48887866.0,1972191.0,428413.0,0.00849492433758
351,object,person,0.00847060863375,person,14523849.0,1947924.0,138354.0,0.00847060863375
507,object,building,0.00846644896745,building,35246027.0,1959123.0,312351.0,0.00846644896745
13,object,plant,0.00842374458284,plant,3236858.0,1960321.0,43414.0,0.00842374458284
195,object,horse,0.00834527038808,horse,1230680.0,1967284.0,26467.0,0.00834527038808
479,object,plant,0.00832945008351,plant,3236858.0,1980169.0,43096.0,0.00832945008351
340,object,plant,0.00832524957569,plant,3236858.0,1948988.0,42817.0,0.00832524957569
406,object,person,0.00824763535076,person,14523849.0,1966643.0,134895.0,0.00824763535076
418,object,train,0.00816426429104,train,1646804.0,1949203.0,29121.0,0.00816426429104
321,object,building,0.00812087362232,building,35246027.0,1948390.0,299618.0,0.00812087362232
254,object,ceiling,0.00808709064427,ceiling,12114424.0,1970216.0,112990.0,0.00808709064427
54,object,cat,0.00808600513785,cat,4163987.0,1965935.0,49169.0,0.00808600513785
177,object,car,0.00804953193947,car,5354795.0,1969956.0,58490.0,0.00804953193947
45,object,rock,0.00801923620581,rock,1615403.0,1946688.0,28338.0,0.00801923620581
18,object,curtain,0.00798211630487,curtain,3107136.0,1961493.0,40138.0,0.00798211630487
353,object,person,0.00794225424776,person,14523849.0,1961609.0,129900.0,0.00794225424776
369,object,sea,0.00788059655834,sea,2272224.0,1944951.0,32974.0,0.00788059655834
85,object,airplane,0.00783183598849,airplane,1293178.0,1957122.0,25258.0,0.00783183598849
338,object,boat,0.00782682595719,boat,1245134.0,1950831.0,24820.0,0.00782682595719
329,object,person,0.00780912329959,person,14523849.0,1970715.0,127810.0,0.00780912329959
187,object,plant,0.00778363806413,plant,3236858.0,1957923.0,40122.0,0.00778363806413
98,object,person,0.00774822173463,person,14523849.0,1960973.0,126746.0,0.00774822173463
147,object,airplane,0.00771243301508,airplane,1293178.0,1956486.0,24871.0,0.00771243301508
82,object,house,0.00771240001865,house,1833277.0,1949499.0,28951.0,0.00771240001865
160,object,bicycle,0.00749704289411,bicycle,1152271.0,1966020.0,23204.0,0.00749704289411
192,object,floor,0.00743788215114,floor,20366901.0,1969372.0,164908.0,0.00743788215114
6,object,person,0.00737688688769,person,14523849.0,1950573.0,120640.0,0.00737688688769
359,object,painting,0.00736076308235,painting,2207098.0,1966173.0,30494.0,0.00736076308235
97,object,person,0.00731415964242,person,14523849.0,1949248.0,119612.0,0.00731415964242
221,object,truck,0.00725248821718,truck,316060.0,1973438.0,16485.0,0.00725248821718
89,object,sidewalk,0.00720679539328,sidewalk,4000805.0,1966020.0,42694.0,0.00720679539328
350,object,table,0.00709876874236,table,4805122.0,1955669.0,47655.0,0.00709876874236
453,object,building,0.0070170243558,building,35246027.0,1944445.0,259148.0,0.0070170243558
27,object,wall,0.00687519968831,wall,48887866.0,1950459.0,347137.0,0.00687519968831
488,object,ground,0.00683074554737,ground,7897532.0,1957425.0,66860.0,0.00683074554737
21,object,building,0.00678986512568,building,35246027.0,1939361.0,250781.0,0.00678986512568
439,object,train,0.00667175918776,train,1646804.0,1970676.0,23975.0,0.00667175918776
188,object,building,0.00663918645202,building,35246027.0,1958549.0,245379.0,0.00663918645202
215,object,building,0.00660679874097,building,35246027.0,1965583.0,244236.0,0.00660679874097
371,object,person,0.00652745275934,person,14523849.0,1964200.0,106927.0,0.00652745275934
124,object,cabinet,0.00615552712562,cabinet,5304483.0,1970273.0,44506.0,0.00615552712562
121,object,door,0.00592933204259,door,3042769.0,1945031.0,29400.0,0.00592933204259
